{"mean": 111.16761904761904, "std": 54.35108888040315, "weekday_mean": 144.691, "weekend_mean": 27.359166666666667, "monthly_means": {"1": 112.01967741935485, "2": 108.76636363636364}, "dow_means": {"0": 147.64833333333334, "1": 148.62333333333333, "2": 135.50666666666666, "3": 143.91166666666666, "4": 147.76500000000001, "5": 26.88, "6": 27.838333333333335}}