{"mean": 35.558095238095234, "std": 9.488027433353801, "weekday_mean": 41.18233333333333, "weekend_mean": 21.497500000000002, "monthly_means": {"1": 35.83387096774193, "2": 34.78090909090909}, "dow_means": {"0": 41.75, "1": 40.931666666666665, "2": 39.70666666666667, "3": 41.755, "4": 41.76833333333333, "5": 21.493333333333336, "6": 21.501666666666665}}