{"mean": 127.80880952380951, "std": 61.29406998740882, "weekday_mean": 165.45666666666662, "weekend_mean": 33.68916666666667, "monthly_means": {"1": 126.97096774193548, "2": 130.17}, "dow_means": {"0": 166.56166666666667, "1": 163.03666666666666, "2": 158.58, "3": 165.45166666666668, "4": 173.65333333333334, "5": 32.550000000000004, "6": 34.82833333333333}}