{"mean": 199.56452380952382, "std": 99.05743173268237, "weekday_mean": 260.21566666666666, "weekend_mean": 47.93666666666666, "monthly_means": {"1": 200.4116129032258, "2": 197.1772727272727}, "dow_means": {"0": 258.2783333333333, "1": 265.46999999999997, "2": 250.235, "3": 255.26999999999998, "4": 271.825, "5": 48.02166666666667, "6": 47.85166666666667}}