{"mean": 114.86166666666665, "std": 22.186272059230205, "weekday_mean": 104.04533333333333, "weekend_mean": 141.9025, "monthly_means": {"1": 115.07387096774194, "2": 114.26363636363637}, "dow_means": {"0": 105.71166666666666, "1": 102.92166666666667, "2": 95.705, "3": 105.63666666666666, "4": 110.25166666666667, "5": 135.92666666666668, "6": 147.87833333333333}}