{"mean": 100.25857142857141, "std": 18.30185404061681, "weekday_mean": 90.34300000000003, "weekend_mean": 125.04750000000001, "monthly_means": {"1": 100.95290322580645, "2": 98.30181818181818}, "dow_means": {"0": 91.11333333333334, "1": 91.175, "2": 85.08333333333333, "3": 91.12166666666667, "4": 93.22166666666668, "5": 121.59333333333332, "6": 128.50166666666667}}