{"mean": 52.6952380952381, "std": 26.90105784828102, "weekday_mean": 68.95233333333334, "weekend_mean": 12.052500000000002, "monthly_means": {"1": 53.21451612903226, "2": 51.23181818181818}, "dow_means": {"0": 67.23333333333333, "1": 70.59166666666667, "2": 69.98833333333333, "3": 68.28833333333334, "4": 68.66000000000001, "5": 12.051666666666668, "6": 12.053333333333335}}