{"mean": 131.24690476190477, "std": 63.66621432348081, "weekday_mean": 170.57733333333337, "weekend_mean": 32.920833333333334, "monthly_means": {"1": 131.20548387096773, "2": 131.36363636363637}, "dow_means": {"0": 175.07000000000002, "1": 172.71166666666667, "2": 163.1, "3": 168.11833333333334, "4": 173.88666666666666, "5": 33.07, "6": 32.77166666666667}}