{"mean": 86.72785714285715, "std": 26.517123923039346, "weekday_mean": 102.52733333333332, "weekend_mean": 47.229166666666664, "monthly_means": {"1": 86.75193548387097, "2": 86.66}, "dow_means": {"0": 104.84833333333334, "1": 102.27499999999999, "2": 94.685, "3": 109.36666666666667, "4": 101.46166666666666, "5": 47.64666666666667, "6": 46.81166666666667}}