{"mean": 121.32738095238095, "std": 58.615138228606554, "weekday_mean": 157.41133333333332, "weekend_mean": 31.117499999999993, "monthly_means": {"1": 123.73032258064515, "2": 114.55545454545455}, "dow_means": {"0": 157.3083333333333, "1": 157.38333333333333, "2": 153.96, "3": 159.53333333333333, "4": 158.87166666666667, "5": 32.39, "6": 29.845}}